title,slug,category,subcategory,description,price,secondaryPrice,priceLabel,image,imageAlt,dietaryLabels,spiceLevel,available,featured,displayOrder,onlineOrderUrl
"Mozzarella Sticks","mozzarella-sticks","Appetizers","","6 pieces, served with marinara sauce",8.95,,"","","","","",TRUE,FALSE,10,
"French Fries","french-fries","Appetizers","","",5.75,,"","","","","",TRUE,FALSE,20,
"Curly Fries","curly-fries","Appetizers","","",5.75,,"","","","","",TRUE,FALSE,30,
"Steak Fries","steak-fries","Appetizers","","",5.50,,"","","","","",TRUE,FALSE,40,
"Pizza Fries","pizza-fries","Appetizers","","",6.95,,"","","","","",TRUE,FALSE,50,
"Cheese Fries","cheese-fries","Appetizers","","Topped with mozzarella or cheddar",6.95,,"","","","","",TRUE,FALSE,60,
"Pavillion Fries","pavillion-fries","Appetizers","","Topped with mozzarella, cheddar, and bacon",9.50,,"","","","","",TRUE,FALSE,70,
"Onion Rings","onion-rings","Appetizers","","",8.75,,"","","","","",TRUE,FALSE,80,
"Fried Mushrooms","fried-mushrooms","Appetizers","","Served with marinara sauce",8.95,,"","","","","",TRUE,FALSE,90,
"Fried Ravioli","fried-ravioli","Appetizers","","Served with marinara sauce",8.95,,"","","","","",TRUE,FALSE,100,
"Jalapeno Poppers","jalapeno-poppers","Appetizers","","Cheddar and cream cheese, served with sauce",8.95,,"","","","","",TRUE,FALSE,110,
"Buffalo Wings","buffalo-wings","Appetizers","","12 pieces, choice of hot, mild, or BBQ",16.99,,"","","","","",TRUE,FALSE,120,
"Chicken Tenders","chicken-tenders","Appetizers","","Served with fries",13.99,,"","","","","",TRUE,FALSE,130,
"Buffalo Chicken Tenders","buffalo-chicken-tenders","Appetizers","","Served with fries",14.50,,"","","","","",TRUE,FALSE,140,
"Chicken Basket","chicken-basket","Appetizers","","Served with fries",14.99,,"","","","","",TRUE,FALSE,150,
"Chicken Nuggets","chicken-nuggets","Appetizers","","12 pieces, served with fries",11.99,,"","","","","",TRUE,FALSE,160,
"Chicken Buffalo Tails","chicken-buffalo-tails","Appetizers","","",14.50,,"","","","","",TRUE,FALSE,170,
"Shrimp Basket","shrimp-basket","Appetizers","","Served with fries",14.99,,"","","","","",TRUE,FALSE,180,
"Flounder Platter","flounder-platter","Appetizers","","Served with fries",14.99,,"","","","","",TRUE,FALSE,190,
"Chicken Wings Platter","chicken-wings-platter","Appetizers","","Served with fries",14.99,,"","","","","",TRUE,FALSE,200,
"Tossed Salad","tossed-salad","Salads","","",10.50,,"","","","","",TRUE,FALSE,10,
"Grilled Chicken Tossed Salad","grilled-chicken-tossed-salad","Salads","","",13.50,,"","","","","",TRUE,FALSE,20,
"Antipasto Salad","antipasto-salad","Salads","","Ham, salami, capicolla, and provolone",13.50,,"","","","","",TRUE,FALSE,30,
"Chef Salad","chef-salad","Salads","","Ham, turkey, and provolone",13.50,,"","","","","",TRUE,FALSE,40,
"Turkey & Cheese Salad","turkey-cheese-salad","Salads","","",13.50,,"","","","","",TRUE,FALSE,50,
"Greek Salad","greek-salad","Salads","","With feta cheese",13.50,,"","","","","",TRUE,FALSE,60,
"Greek Salad with Grilled Chicken","greek-salad-grilled-chicken","Salads","","",16.50,,"","","","","",TRUE,FALSE,70,
"Caesar Salad","caesar-salad","Salads","","",9.99,,"","","","","",TRUE,FALSE,80,
"Grilled Chicken Caesar Salad","grilled-chicken-caesar-salad","Salads","","",13.50,,"","","","","",TRUE,FALSE,90,
"Crispy Chicken Salad","crispy-chicken-salad","Salads","","",13.50,,"","","","","",TRUE,FALSE,100,
"Crispy Buffalo Chicken Salad","crispy-buffalo-chicken-salad","Salads","","",13.50,,"","","","","",TRUE,FALSE,110,
"Tuna Salad","tuna-salad","Salads","","",13.50,,"","","","","",TRUE,FALSE,120,
"Cheese Steak Salad","cheese-steak-salad","Salads","","",13.50,,"","","","","",TRUE,FALSE,130,
"Chicken Cheese Steak Salad","chicken-cheese-steak-salad","Salads","","",13.50,,"","","","","",TRUE,FALSE,140,
"Italian Sub","italian-sub","Subs and Sandwiches","Cold Subs","Ham, capicolla, salami, and provolone",11.50,,"","","","","",TRUE,FALSE,10,
"Ham & Cheese Sub","ham-cheese-sub","Subs and Sandwiches","Cold Subs","Provolone or American cheese",11.50,,"","","","","",TRUE,FALSE,20,
"Turkey & Cheese Sub","turkey-cheese-sub","Subs and Sandwiches","Cold Subs","Provolone or American cheese",11.50,,"","","","","",TRUE,FALSE,30,
"Turkey, Bacon & Cheese Sub","turkey-bacon-cheese-sub","Subs and Sandwiches","Cold Subs","Provolone or American cheese",12.00,,"","","","","",TRUE,FALSE,40,
"Tuna & Cheese Sub","tuna-cheese-sub","Subs and Sandwiches","Cold Subs","Provolone or American cheese",11.50,,"","","","","",TRUE,FALSE,50,
"Mixed Cheese Sub","mixed-cheese-sub","Subs and Sandwiches","Cold Subs","",11.50,,"","","","","",TRUE,FALSE,60,
"Roast Beef & Cheese Sub","roast-beef-cheese-sub","Subs and Sandwiches","Cold Subs","Provolone or American cheese",11.50,,"","","","","",TRUE,FALSE,70,
"Meatball Parmigiana Sub","meatball-parmigiana-sub","Subs and Sandwiches","Hot Subs","",11.50,,"","","","","",TRUE,FALSE,80,
"Eggplant Parmigiana Sub","eggplant-parmigiana-sub","Subs and Sandwiches","Hot Subs","",11.50,,"","","","","",TRUE,FALSE,90,
"Chicken Cutlet & Cheese Sub","chicken-cutlet-cheese-sub","Subs and Sandwiches","Hot Subs","",11.50,,"","","","","",TRUE,FALSE,100,
"Flounder Sub","flounder-sub","Subs and Sandwiches","Hot Subs","",11.50,,"","","","","",TRUE,FALSE,110,
"Veal Parmigiana Sub","veal-parmigiana-sub","Subs and Sandwiches","Hot Subs","",11.50,,"","","","","",TRUE,FALSE,120,
"Chicken Parmigiana Sub","chicken-parmigiana-sub","Subs and Sandwiches","Hot Subs","",11.50,,"","","","","",TRUE,FALSE,130,
"Sausage Parmigiana Sub","sausage-parmigiana-sub","Subs and Sandwiches","Hot Subs","",11.50,,"","","","","",TRUE,FALSE,140,
"Sausage, Peppers & Onions Sub","sausage-peppers-onions-sub","Subs and Sandwiches","Hot Subs","",11.50,,"","","","","",TRUE,FALSE,150,
"Steak Sandwich","steak-sandwich","Subs and Sandwiches","From the Grill","",11.99,,"","","","","",TRUE,FALSE,160,
"Cheese Steak","cheese-steak","Subs and Sandwiches","From the Grill","",12.50,,"","pavillion/cheesesteak-hot-sub.jpg","Grilled cheesesteak sandwich with melted cheese on a roll","","",TRUE,FALSE,170,
"Cheese Steak Hoagie","cheese-steak-hoagie","Subs and Sandwiches","From the Grill","",13.20,,"","","","","",TRUE,FALSE,180,
"Chicken Cheese Steak","chicken-cheese-steak","Subs and Sandwiches","From the Grill","",11.50,,"","","","","",TRUE,FALSE,190,
"Chicken Cheese Steak Hoagie","chicken-cheese-steak-hoagie","Subs and Sandwiches","From the Grill","",12.20,,"","","","","",TRUE,FALSE,200,
"Special Cheese Steak","special-cheese-steak","Subs and Sandwiches","From the Grill","With mushrooms, peppers, and onions",13.99,,"","","","","",TRUE,FALSE,210,
"Buffalo Chicken Cheese Steak","buffalo-chicken-cheese-steak","Subs and Sandwiches","From the Grill","With blue cheese",11.99,,"","","","","",TRUE,FALSE,220,
"Cheese Steak Cacciatore","cheese-steak-cacciatore","Subs and Sandwiches","From the Grill","With peppers, mushrooms, onions, and marinara",13.99,,"","","","","",TRUE,FALSE,230,
"Pizza Steak","pizza-steak","Subs and Sandwiches","From the Grill","With marinara and mozzarella",12.50,,"","","","","",TRUE,FALSE,240,
"Chicken Pizza Steak","chicken-pizza-steak","Subs and Sandwiches","From the Grill","With marinara and mozzarella",11.50,,"","","","","",TRUE,FALSE,250,
"Grilled Chicken & Cheese","grilled-chicken-cheese","Subs and Sandwiches","From the Grill","",11.50,,"","","","","",TRUE,FALSE,260,
"Egg & Cheese","egg-cheese","Subs and Sandwiches","From the Grill","Add bacon, ham, sausage, or peppers",10.50,,"","","","","",TRUE,FALSE,270,
"Italian Hoagie Wrap","italian-hoagie-wrap","Subs and Sandwiches","Wraps","Served with chips",11.50,,"","","","","",TRUE,FALSE,280,
"Ham & Cheese Wrap","ham-cheese-wrap","Subs and Sandwiches","Wraps","Served with chips",11.50,,"","","","","",TRUE,FALSE,290,
"Turkey & Cheese Wrap","turkey-cheese-wrap","Subs and Sandwiches","Wraps","Served with chips",11.50,,"","","","","",TRUE,FALSE,300,
"Turkey, Bacon & Cheese Wrap","turkey-bacon-cheese-wrap","Subs and Sandwiches","Wraps","Served with chips",12.00,,"","","","","",TRUE,FALSE,310,
"Tuna & Cheese Wrap","tuna-cheese-wrap","Subs and Sandwiches","Wraps","Served with chips",11.50,,"","","","","",TRUE,FALSE,320,
"Cheese Steak Wrap","cheese-steak-wrap","Subs and Sandwiches","Wraps","Served with fries",16.50,,"","","","","",TRUE,FALSE,330,
"Chicken Cheese Steak Wrap","chicken-cheese-steak-wrap","Subs and Sandwiches","Wraps","Served with fries",15.50,,"","","","","",TRUE,FALSE,340,
"Chicken Caesar Wrap","chicken-caesar-wrap","Subs and Sandwiches","Wraps","Served with fries",15.50,,"","","","","",TRUE,FALSE,350,
"Grilled Chicken & Cheese Wrap","grilled-chicken-cheese-wrap","Subs and Sandwiches","Wraps","Served with fries",15.50,,"","","","","",TRUE,FALSE,360,
"Crispy Buffalo Chicken Wrap","crispy-buffalo-chicken-wrap","Subs and Sandwiches","Wraps","Served with fries",15.50,,"","","","","",TRUE,FALSE,370,
"Hamburger","hamburger","Subs and Sandwiches","Charbroiled Burgers","",7.49,,"","","","","",TRUE,FALSE,380,
"Cheeseburger","cheeseburger","Subs and Sandwiches","Charbroiled Burgers","",7.99,,"","","","","",TRUE,FALSE,390,
"Bacon Cheeseburger","bacon-cheeseburger","Subs and Sandwiches","Charbroiled Burgers","",8.75,,"","","","","",TRUE,FALSE,400,
"Pizza Cheeseburger","pizza-cheeseburger","Subs and Sandwiches","Charbroiled Burgers","",7.99,,"","","","","",TRUE,FALSE,410,
"Western Cheeseburger","western-cheeseburger","Subs and Sandwiches","Charbroiled Burgers","Bacon, mushroom, fried onions, and BBQ sauce",8.99,,"","","","","",TRUE,FALSE,420,
"Cheeseburger Sub","cheeseburger-sub","Subs and Sandwiches","Charbroiled Burgers","",12.50,,"","","","","",TRUE,FALSE,430,
"Cheese Pizza","cheese-pizza-small","Pizza","Classic","Tomato sauce and mozzarella",10.99,,"Small","pavillion/pavillion-cheese-pepperoni-pizza-hero.jpg","Fresh cheese pizza with melted mozzarella","","",TRUE,FALSE,10,
"Cheese Pizza","cheese-pizza-medium","Pizza","Classic","Tomato sauce and mozzarella",12.99,,"Medium","","","","",TRUE,FALSE,20,
"Cheese Pizza","cheese-pizza-large","Pizza","Classic","Tomato sauce and mozzarella",14.99,,"Large","","","","",TRUE,FALSE,30,
"Cheese Pizza","cheese-pizza-sicilian","Pizza","Classic","Tomato sauce and mozzarella",22.99,,"Sicilian","","","","",TRUE,FALSE,40,
"White Pizza","white-pizza-small","Pizza","Classic","Mozzarella and garlic",10.99,,"Small","","","","",TRUE,FALSE,50,
"White Pizza","white-pizza-medium","Pizza","Classic","Mozzarella and garlic",12.99,,"Medium","","","","",TRUE,FALSE,60,
"White Pizza","white-pizza-large","Pizza","Classic","Mozzarella and garlic",14.99,,"Large","","","","",TRUE,FALSE,70,
"White Pizza","white-pizza-sicilian","Pizza","Classic","Mozzarella and garlic",22.99,,"Sicilian","","","","",TRUE,FALSE,80,
"Additional Topping","pizza-topping-small","Pizza","Toppings","Choice of pepperoni, sausage, extra cheese, green peppers, onions, ham, bacon, hot peppers, sweet peppers, meatballs, spinach, broccoli, tomatoes, black olives, mushrooms, ground beef, or anchovies. Steak, chicken, eggplant, and ricotta toppings priced differently. Garlic is a no-charge topping.",1.75,,"Small","","","","",TRUE,FALSE,90,
"Additional Topping","pizza-topping-medium","Pizza","Toppings","Choice of pepperoni, sausage, extra cheese, green peppers, onions, ham, bacon, hot peppers, sweet peppers, meatballs, spinach, broccoli, tomatoes, black olives, mushrooms, ground beef, or anchovies. Steak, chicken, eggplant, and ricotta toppings priced differently. Garlic is a no-charge topping.",2.25,,"Medium","","","","",TRUE,FALSE,100,
"Additional Topping","pizza-topping-large","Pizza","Toppings","Choice of pepperoni, sausage, extra cheese, green peppers, onions, ham, bacon, hot peppers, sweet peppers, meatballs, spinach, broccoli, tomatoes, black olives, mushrooms, ground beef, or anchovies. Steak, chicken, eggplant, and ricotta toppings priced differently. Garlic is a no-charge topping.",2.99,,"Large","","","","",TRUE,FALSE,110,
"Additional Topping","pizza-topping-sicilian","Pizza","Toppings","Choice of pepperoni, sausage, extra cheese, green peppers, onions, ham, bacon, hot peppers, sweet peppers, meatballs, spinach, broccoli, tomatoes, black olives, mushrooms, ground beef, or anchovies. Steak, chicken, eggplant, and ricotta toppings priced differently. Garlic is a no-charge topping.",3.75,,"Sicilian","","","","",TRUE,FALSE,120,
"Deluxe Pizza","deluxe-pizza-small","Specialty Pizza","","Pepperoni, sausage, mushrooms, green peppers, onions, and extra cheese",16.50,,"Small","","","","",TRUE,FALSE,10,
"Deluxe Pizza","deluxe-pizza-medium","Specialty Pizza","","Pepperoni, sausage, mushrooms, green peppers, onions, and extra cheese",21.99,,"Medium","","","","",TRUE,FALSE,20,
"Deluxe Pizza","deluxe-pizza-large","Specialty Pizza","","Pepperoni, sausage, mushrooms, green peppers, onions, and extra cheese",25.99,,"Large","","","","",TRUE,FALSE,30,
"Deluxe Pizza","deluxe-pizza-sicilian","Specialty Pizza","","Pepperoni, sausage, mushrooms, green peppers, onions, and extra cheese",32.99,,"Sicilian","","","","",TRUE,FALSE,40,
"Vegetarian Pizza","vegetarian-pizza-small","Specialty Pizza","","Red or white, with broccoli, spinach, mushrooms, peppers, onions, tomatoes, extra cheese, and fresh garlic",16.50,,"Small","","","","",TRUE,FALSE,50,
"Vegetarian Pizza","vegetarian-pizza-medium","Specialty Pizza","","Red or white, with broccoli, spinach, mushrooms, peppers, onions, tomatoes, extra cheese, and fresh garlic",21.99,,"Medium","","","","",TRUE,FALSE,60,
"Vegetarian Pizza","vegetarian-pizza-large","Specialty Pizza","","Red or white, with broccoli, spinach, mushrooms, peppers, onions, tomatoes, extra cheese, and fresh garlic",25.99,,"Large","","","","",TRUE,FALSE,70,
"Vegetarian Pizza","vegetarian-pizza-sicilian","Specialty Pizza","","Red or white, with broccoli, spinach, mushrooms, peppers, onions, tomatoes, extra cheese, and fresh garlic",32.99,,"Sicilian","","","","",TRUE,FALSE,80,
"Hawaiian Pizza","hawaiian-pizza-small","Specialty Pizza","","Red, with mozzarella, ham, and pineapple",14.50,,"Small","","","","",TRUE,FALSE,90,
"Hawaiian Pizza","hawaiian-pizza-medium","Specialty Pizza","","Red, with mozzarella, ham, and pineapple",17.50,,"Medium","","","","",TRUE,FALSE,100,
"Hawaiian Pizza","hawaiian-pizza-large","Specialty Pizza","","Red, with mozzarella, ham, and pineapple",20.99,,"Large","","","","",TRUE,FALSE,110,
"Hawaiian Pizza","hawaiian-pizza-sicilian","Specialty Pizza","","Red, with mozzarella, ham, and pineapple",28.99,,"Sicilian","","","","",TRUE,FALSE,120,
"Cheese Steak Hoagie Pizza","cheese-steak-hoagie-pizza-small","Specialty Pizza","","White, with mozzarella, steak, lettuce, tomatoes, and American cheese",14.50,,"Small","","","","",TRUE,FALSE,130,
"Cheese Steak Hoagie Pizza","cheese-steak-hoagie-pizza-medium","Specialty Pizza","","White, with mozzarella, steak, lettuce, tomatoes, and American cheese",19.99,,"Medium","","","","",TRUE,FALSE,140,
"Cheese Steak Hoagie Pizza","cheese-steak-hoagie-pizza-large","Specialty Pizza","","White, with mozzarella, steak, lettuce, tomatoes, and American cheese",21.99,,"Large","","","","",TRUE,FALSE,150,
"Cheese Steak Hoagie Pizza","cheese-steak-hoagie-pizza-sicilian","Specialty Pizza","","White, with mozzarella, steak, lettuce, tomatoes, and American cheese",29.50,,"Sicilian","","","","",TRUE,FALSE,160,
"Cheese Steak & French Fries Pizza","cheese-steak-fries-pizza-small","Specialty Pizza","","White, with mozzarella, steak, fries, and extra cheese",14.99,,"Small","","","","",TRUE,FALSE,170,
"Cheese Steak & French Fries Pizza","cheese-steak-fries-pizza-medium","Specialty Pizza","","White, with mozzarella, steak, fries, and extra cheese",20.50,,"Medium","","","","",TRUE,FALSE,180,
"Cheese Steak & French Fries Pizza","cheese-steak-fries-pizza-large","Specialty Pizza","","White, with mozzarella, steak, fries, and extra cheese",22.99,,"Large","","","","",TRUE,FALSE,190,
"Cheese Steak & French Fries Pizza","cheese-steak-fries-pizza-sicilian","Specialty Pizza","","White, with mozzarella, steak, fries, and extra cheese",31.50,,"Sicilian","","","","",TRUE,FALSE,200,
"Margherita Pizza","margherita-pizza-small","Specialty Pizza","","Fresh mozzarella, tomato sauce, fresh basil, and olive oil. A fan favorite.",14.50,,"Small","","","","",TRUE,TRUE,210,
"Margherita Pizza","margherita-pizza-medium","Specialty Pizza","","Fresh mozzarella, tomato sauce, fresh basil, and olive oil. A fan favorite.",17.99,,"Medium","","","","",TRUE,TRUE,220,
"Margherita Pizza","margherita-pizza-large","Specialty Pizza","","Fresh mozzarella, tomato sauce, fresh basil, and olive oil. A fan favorite.",20.75,,"Large","","","","",TRUE,TRUE,230,
"Margherita Pizza","margherita-pizza-sicilian","Specialty Pizza","","Fresh mozzarella, tomato sauce, fresh basil, and olive oil. A fan favorite.",28.50,,"Sicilian","","","","",TRUE,TRUE,240,
"Meat Lover's Pizza","meat-lovers-pizza-small","Specialty Pizza","","Pepperoni, sausage, bacon, and ham",15.50,,"Small","","","","",TRUE,FALSE,250,
"Meat Lover's Pizza","meat-lovers-pizza-medium","Specialty Pizza","","Pepperoni, sausage, bacon, and ham",20.50,,"Medium","","","","",TRUE,FALSE,260,
"Meat Lover's Pizza","meat-lovers-pizza-large","Specialty Pizza","","Pepperoni, sausage, bacon, and ham",24.99,,"Large","","","","",TRUE,FALSE,270,
"Meat Lover's Pizza","meat-lovers-pizza-sicilian","Specialty Pizza","","Pepperoni, sausage, bacon, and ham",32.99,,"Sicilian","","","","",TRUE,FALSE,280,
"Chicken & Broccoli Pizza","chicken-broccoli-pizza-small","Specialty Pizza","","White, with mozzarella, grilled chicken, broccoli, and fresh garlic",14.50,,"Small","","","","",TRUE,FALSE,290,
"Chicken & Broccoli Pizza","chicken-broccoli-pizza-medium","Specialty Pizza","","White, with mozzarella, grilled chicken, broccoli, and fresh garlic",18.99,,"Medium","","","","",TRUE,FALSE,300,
"Chicken & Broccoli Pizza","chicken-broccoli-pizza-large","Specialty Pizza","","White, with mozzarella, grilled chicken, broccoli, and fresh garlic",21.99,,"Large","","","","",TRUE,FALSE,310,
"Chicken & Broccoli Pizza","chicken-broccoli-pizza-sicilian","Specialty Pizza","","White, with mozzarella, grilled chicken, broccoli, and fresh garlic",29.99,,"Sicilian","","","","",TRUE,FALSE,320,
"Bruschetta Pizza","bruschetta-pizza-small","Specialty Pizza","","White, with mozzarella, chopped tomatoes, onions, fresh garlic, and seasoning",13.50,,"Small","","","","",TRUE,FALSE,330,
"Bruschetta Pizza","bruschetta-pizza-medium","Specialty Pizza","","White, with mozzarella, chopped tomatoes, onions, fresh garlic, and seasoning",17.50,,"Medium","","","","",TRUE,FALSE,340,
"Bruschetta Pizza","bruschetta-pizza-large","Specialty Pizza","","White, with mozzarella, chopped tomatoes, onions, fresh garlic, and seasoning",19.99,,"Large","","","","",TRUE,FALSE,350,
"Bruschetta Pizza","bruschetta-pizza-sicilian","Specialty Pizza","","White, with mozzarella, chopped tomatoes, onions, fresh garlic, and seasoning",27.50,,"Sicilian","","","","",TRUE,FALSE,360,
"Chicken, Bacon & Ranch Pizza","chicken-bacon-ranch-pizza-small","Specialty Pizza","","White, with mozzarella, grilled chicken, bacon, and ranch dressing",14.50,,"Small","","","","",TRUE,FALSE,370,
"Chicken, Bacon & Ranch Pizza","chicken-bacon-ranch-pizza-medium","Specialty Pizza","","White, with mozzarella, grilled chicken, bacon, and ranch dressing",18.99,,"Medium","","","","",TRUE,FALSE,380,
"Chicken, Bacon & Ranch Pizza","chicken-bacon-ranch-pizza-large","Specialty Pizza","","White, with mozzarella, grilled chicken, bacon, and ranch dressing",21.99,,"Large","","","","",TRUE,FALSE,390,
"Chicken, Bacon & Ranch Pizza","chicken-bacon-ranch-pizza-sicilian","Specialty Pizza","","White, with mozzarella, grilled chicken, bacon, and ranch dressing",29.99,,"Sicilian","","","","",TRUE,FALSE,400,
"Florentine Pizza","florentine-pizza-small","Specialty Pizza","","White, with mozzarella, spinach, tomatoes, ricotta, eggplant, and garlic",17.50,,"Small","","","","",TRUE,FALSE,410,
"Florentine Pizza","florentine-pizza-medium","Specialty Pizza","","White, with mozzarella, spinach, tomatoes, ricotta, eggplant, and garlic",22.99,,"Medium","","","","",TRUE,FALSE,420,
"Florentine Pizza","florentine-pizza-large","Specialty Pizza","","White, with mozzarella, spinach, tomatoes, ricotta, eggplant, and garlic",26.99,,"Large","","","","",TRUE,FALSE,430,
"Florentine Pizza","florentine-pizza-sicilian","Specialty Pizza","","White, with mozzarella, spinach, tomatoes, ricotta, eggplant, and garlic",33.99,,"Sicilian","","","","",TRUE,FALSE,440,
"Parmigiana Pizza","parmigiana-pizza-small","Specialty Pizza","","Eggplant or chicken, with tomato sauce, mozzarella, and ricotta",14.50,,"Small","","","","",TRUE,FALSE,450,
"Parmigiana Pizza","parmigiana-pizza-medium","Specialty Pizza","","Eggplant or chicken, with tomato sauce, mozzarella, and ricotta",18.99,,"Medium","","","","",TRUE,FALSE,460,
"Parmigiana Pizza","parmigiana-pizza-large","Specialty Pizza","","Eggplant or chicken, with tomato sauce, mozzarella, and ricotta",21.99,,"Large","","","","",TRUE,FALSE,470,
"Parmigiana Pizza","parmigiana-pizza-sicilian","Specialty Pizza","","Eggplant or chicken, with tomato sauce, mozzarella, and ricotta",29.99,,"Sicilian","","","","",TRUE,FALSE,480,
"Mexicana Pizza","mexicana-pizza-small","Specialty Pizza","","Red, with mozzarella, pepperoni, mushrooms, and jalapeno peppers",14.99,,"Small","","","","",TRUE,FALSE,490,
"Mexicana Pizza","mexicana-pizza-medium","Specialty Pizza","","Red, with mozzarella, pepperoni, mushrooms, and jalapeno peppers",18.99,,"Medium","","","","",TRUE,FALSE,500,
"Mexicana Pizza","mexicana-pizza-large","Specialty Pizza","","Red, with mozzarella, pepperoni, mushrooms, and jalapeno peppers",22.50,,"Large","","","","",TRUE,FALSE,510,
"Mexicana Pizza","mexicana-pizza-sicilian","Specialty Pizza","","Red, with mozzarella, pepperoni, mushrooms, and jalapeno peppers",29.99,,"Sicilian","","","","",TRUE,FALSE,520,
"Buffalo or BBQ Chicken Pizza","buffalo-bbq-chicken-pizza-small","Specialty Pizza","","White, with mozzarella, grilled chicken, and BBQ or hot buffalo sauce; blue cheese included with buffalo",13.50,,"Small","","","","",TRUE,FALSE,530,
"Buffalo or BBQ Chicken Pizza","buffalo-bbq-chicken-pizza-medium","Specialty Pizza","","White, with mozzarella, grilled chicken, and BBQ or hot buffalo sauce; blue cheese included with buffalo",17.50,,"Medium","","","","",TRUE,FALSE,540,
"Buffalo or BBQ Chicken Pizza","buffalo-bbq-chicken-pizza-large","Specialty Pizza","","White, with mozzarella, grilled chicken, and BBQ or hot buffalo sauce; blue cheese included with buffalo",19.99,,"Large","","","","",TRUE,FALSE,550,
"Buffalo or BBQ Chicken Pizza","buffalo-bbq-chicken-pizza-sicilian","Specialty Pizza","","White, with mozzarella, grilled chicken, and BBQ or hot buffalo sauce; blue cheese included with buffalo",27.50,,"Sicilian","","","","",TRUE,FALSE,560,
"Tomato & Basil Pizza","tomato-basil-pizza-small","Specialty Pizza","","White, with mozzarella, plum tomatoes, fresh basil, and garlic",13.50,,"Small","","","","",TRUE,FALSE,570,
"Tomato & Basil Pizza","tomato-basil-pizza-medium","Specialty Pizza","","White, with mozzarella, plum tomatoes, fresh basil, and garlic",17.50,,"Medium","","","","",TRUE,FALSE,580,
"Tomato & Basil Pizza","tomato-basil-pizza-large","Specialty Pizza","","White, with mozzarella, plum tomatoes, fresh basil, and garlic",19.99,,"Large","","","","",TRUE,FALSE,590,
"Tomato & Basil Pizza","tomato-basil-pizza-sicilian","Specialty Pizza","","White, with mozzarella, plum tomatoes, fresh basil, and garlic",27.50,,"Sicilian","","","","",TRUE,FALSE,600,
"Calzone","calzone-small","Stromboli and Calzones","Calzones","Mozzarella and ricotta, served with sauce",11.50,,"Small","","","","",TRUE,FALSE,10,
"Calzone","calzone-large","Stromboli and Calzones","Calzones","Mozzarella and ricotta, served with sauce",20.95,,"Large","","","","",TRUE,FALSE,20,
"Spinach or Broccoli & Garlic Calzone","spinach-broccoli-garlic-calzone-small","Stromboli and Calzones","Calzones","Chopped spinach or broccoli, fresh garlic, ricotta, and mozzarella, served with sauce",12.95,,"Small","","","","",TRUE,FALSE,30,
"Spinach or Broccoli & Garlic Calzone","spinach-broccoli-garlic-calzone-large","Stromboli and Calzones","Calzones","Chopped spinach or broccoli, fresh garlic, ricotta, and mozzarella, served with sauce",22.95,,"Large","","","","",TRUE,FALSE,40,
"Cheese Steak or Chicken Cheese Steak Calzone","cheese-steak-calzone-small","Stromboli and Calzones","Calzones","Chicken or steak, ricotta, and mozzarella, served with sauce",12.95,,"Small","","","","",TRUE,FALSE,50,
"Cheese Steak or Chicken Cheese Steak Calzone","cheese-steak-calzone-large","Stromboli and Calzones","Calzones","Chicken or steak, ricotta, and mozzarella, served with sauce",22.95,,"Large","","","","",TRUE,FALSE,60,
"Stromboli","stromboli-small","Stromboli and Calzones","Stromboli","Pepperoni, sausage, green peppers, onions, mozzarella, and sauce. Includes a side.",12.95,,"Small","pavillion/stromboli-calzone.jpg","Sliced stromboli showing melted cheese inside","","",TRUE,FALSE,70,
"Stromboli","stromboli-large","Stromboli and Calzones","Stromboli","Pepperoni, sausage, green peppers, onions, mozzarella, and sauce. Includes a side.",22.95,,"Large","","","","",TRUE,FALSE,80,
"Cheese Steak or Chicken Cheese Steak Stromboli","cheese-steak-stromboli-small","Stromboli and Calzones","Stromboli","Chicken or steak, mozzarella, and sauce. Includes a side.",12.95,,"Small","","","","",TRUE,FALSE,90,
"Cheese Steak or Chicken Cheese Steak Stromboli","cheese-steak-stromboli-large","Stromboli and Calzones","Stromboli","Chicken or steak, mozzarella, and sauce. Includes a side.",22.95,,"Large","","","","",TRUE,FALSE,100,
"Pizza Turnover","pizza-turnover-small","Stromboli and Calzones","Stromboli","Mozzarella and sauce. Includes a side.",11.50,,"Small","","","","",TRUE,FALSE,110,
"Pizza Turnover","pizza-turnover-large","Stromboli and Calzones","Stromboli","Mozzarella and sauce. Includes a side.",20.95,,"Large","","","","",TRUE,FALSE,120,
"Additional Topping","calzone-topping-small","Stromboli and Calzones","Toppings","Choice of pepperoni, sausage, extra cheese, green peppers, onions, ham, hot peppers, sweet peppers, meatballs, spinach, broccoli, tomatoes, black olives, mushrooms, or bacon",1.50,,"Small","","","","",TRUE,FALSE,130,
"Additional Topping","calzone-topping-large","Stromboli and Calzones","Toppings","Choice of pepperoni, sausage, extra cheese, green peppers, onions, ham, hot peppers, sweet peppers, meatballs, spinach, broccoli, tomatoes, black olives, mushrooms, or bacon",2.75,,"Large","","","","",TRUE,FALSE,140,
"Pepperoni Roll","pepperoni-roll","Stromboli and Calzones","Pizza Rolls","Pepperoni and mozzarella",10.95,,"","","","","",TRUE,FALSE,150,
"Sausage Roll","sausage-roll","Stromboli and Calzones","Pizza Rolls","Sausage, green peppers, onions, and mozzarella",10.95,,"","","","","",TRUE,FALSE,160,
"Broccoli Roll","broccoli-roll","Stromboli and Calzones","Pizza Rolls","Broccoli, fresh garlic, and mozzarella",10.95,,"","","","","",TRUE,FALSE,170,
"Spinach Roll","spinach-roll","Stromboli and Calzones","Pizza Rolls","Spinach, fresh garlic, and mozzarella",10.95,,"","","","","",TRUE,FALSE,180,
"Pasta with Homemade Tomato Sauce","pasta-tomato-sauce","Pasta and Italian Dinners","Pasta","Served with salad and bread. Choice of spaghetti, linguini, ziti, rigatoni, or penne.",12.95,,"","pavillion/italian-pasta-dinner.jpg","Plate of Italian pasta with tomato sauce and fresh basil","","",TRUE,FALSE,10,
"Pasta with Meatballs","pasta-meatballs","Pasta and Italian Dinners","Pasta","Served with salad and bread. Choice of spaghetti, linguini, ziti, rigatoni, or penne.",14.95,,"","","","","",TRUE,FALSE,20,
"Pasta with Sausage","pasta-sausage","Pasta and Italian Dinners","Pasta","Served with salad and bread. Choice of spaghetti, linguini, ziti, rigatoni, or penne.",14.95,,"","","","","",TRUE,FALSE,30,
"Pasta with Meat Sauce","pasta-meat-sauce","Pasta and Italian Dinners","Pasta","Served with salad and bread. Choice of spaghetti, linguini, ziti, rigatoni, or penne.",14.95,,"","","","","",TRUE,FALSE,40,
"Pasta with Garlic & Oil","pasta-garlic-oil","Pasta and Italian Dinners","Pasta","Served with salad and bread. Choice of spaghetti, linguini, ziti, rigatoni, or penne.",12.95,,"","","","","",TRUE,FALSE,50,
"Pasta Alfredo","pasta-alfredo","Pasta and Italian Dinners","Pasta","Served with salad and bread. Choice of spaghetti, linguini, ziti, rigatoni, or penne.",15.99,,"","","","","",TRUE,FALSE,60,
"Baked Ziti or Rigatoni","baked-ziti-rigatoni","Pasta and Italian Dinners","Baked Pasta","Served with salad and bread",14.95,,"","","","","",TRUE,FALSE,70,
"Stuffed Shells","stuffed-shells","Pasta and Italian Dinners","Baked Pasta","Served with salad and bread",14.95,,"","","","","",TRUE,FALSE,80,
"Manicotti","manicotti","Pasta and Italian Dinners","Baked Pasta","Served with salad and bread",14.95,,"","","","","",TRUE,FALSE,90,
"Cheese Ravioli","cheese-ravioli","Pasta and Italian Dinners","Baked Pasta","Served with salad and bread",14.95,,"","","","","",TRUE,FALSE,100,
"Meat Lasagna","meat-lasagna","Pasta and Italian Dinners","Baked Pasta","Served with salad and bread",15.95,,"","","","","",TRUE,FALSE,110,
"Chicken Parmigiana Dinner","chicken-parmigiana-dinner","Pasta and Italian Dinners","Baked Pasta","Served with salad, bread, and a side of pasta",17.95,,"","pavillion/chicken-parmesan-dinner.jpg","Chicken parmesan topped with marinara and melted mozzarella, served with pasta","","",TRUE,FALSE,120,
"Eggplant Parmigiana Dinner","eggplant-parmigiana-dinner","Pasta and Italian Dinners","Baked Pasta","Served with salad, bread, and a side of pasta",17.95,,"","","","","",TRUE,FALSE,130,
"Veal Parmigiana Dinner","veal-parmigiana-dinner","Pasta and Italian Dinners","Baked Pasta","Served with salad, bread, and a side of pasta",17.95,,"","","","","",TRUE,FALSE,140,
"Add Meatballs, Sausage, or Meat Sauce","baked-pasta-addon","Pasta and Italian Dinners","Baked Pasta","Add-on to any baked pasta dish",4.50,,"","","","","",TRUE,FALSE,150,
"Fettuccini Alfredo","fettuccini-alfredo","Pasta and Italian Dinners","Specialty Pasta","Served with salad and bread",16.99,,"","","","","",TRUE,FALSE,160,
"Fettuccini Alfredo with Chicken","fettuccini-alfredo-chicken","Pasta and Italian Dinners","Specialty Pasta","Served with salad and bread",20.99,,"","","","","",TRUE,FALSE,170,
"Tortellini with Tomato Sauce","tortellini-tomato-sauce","Pasta and Italian Dinners","Specialty Pasta","Served with salad and bread",15.99,,"","","","","",TRUE,FALSE,180,
"Tortellini Alfredo","tortellini-alfredo","Pasta and Italian Dinners","Specialty Pasta","Served with salad and bread",17.99,,"","","","","",TRUE,FALSE,190,
"Tortellini Alfredo with Chicken","tortellini-alfredo-chicken","Pasta and Italian Dinners","Specialty Pasta","Served with salad and bread",21.99,,"","","","","",TRUE,FALSE,200,
"Cavatelli with Tomato Sauce","cavatelli-tomato-sauce","Pasta and Italian Dinners","Specialty Pasta","Served with salad and bread",15.99,,"","","","","",TRUE,FALSE,210,
"Gnocchi with Tomato Sauce","gnocchi-tomato-sauce","Pasta and Italian Dinners","Specialty Pasta","Served with salad and bread",15.99,,"","","","","",TRUE,FALSE,220,
"Gnocchi Alfredo","gnocchi-alfredo","Pasta and Italian Dinners","Specialty Pasta","Served with salad and bread",17.99,,"","","","","",TRUE,FALSE,230,
"Gnocchi Alfredo with Chicken","gnocchi-alfredo-chicken","Pasta and Italian Dinners","Specialty Pasta","Served with salad and bread",21.99,,"","","","","",TRUE,FALSE,240,
"Chicken & Broccoli","chicken-broccoli-pasta","Pasta and Italian Dinners","Specialty Pasta","White lemon butter sauce, choice of pasta. Served with salad and bread.",20.99,,"","","","","",TRUE,FALSE,250,
"Chicken Cacciatore","chicken-cacciatore","Pasta and Italian Dinners","Specialty Pasta","Peppers, mushrooms, onions, and tomato sauce, choice of pasta. Served with salad and bread.",20.99,,"","","","","",TRUE,FALSE,260,
"Chicken Marsala","chicken-marsala","Pasta and Italian Dinners","Specialty Pasta","Mushrooms and Marsala wine, choice of pasta. Served with salad and bread.",20.99,,"","","","","",TRUE,FALSE,270,
"Chicken Francese","chicken-francese","Pasta and Italian Dinners","Specialty Pasta","Egg-battered, with lemon and butter sauce, choice of pasta. Served with salad and bread.",20.99,,"","","","","",TRUE,FALSE,280,
"Shrimp Marinara","shrimp-marinara","Pasta and Italian Dinners","Seafood Dinners","Choice of pasta. Served with salad and bread.",20.95,,"","","","","",TRUE,FALSE,290,
"Shrimp Scampi","shrimp-scampi","Pasta and Italian Dinners","Seafood Dinners","Choice of pasta. Served with salad and bread.",20.95,,"","","","","",TRUE,FALSE,300,
"Shrimp & Broccoli","shrimp-broccoli","Pasta and Italian Dinners","Seafood Dinners","Choice of pasta. Served with salad and bread.",20.95,,"","","","","",TRUE,FALSE,310,
"Shrimp Fra Diavolo","shrimp-fra-diavolo","Pasta and Italian Dinners","Seafood Dinners","Choice of pasta. Served with salad and bread.",20.95,,"","","","","",TRUE,FALSE,320,
"Jumbo Fried Shrimp","jumbo-fried-shrimp","Pasta and Italian Dinners","Seafood Dinners","8 pieces, choice of pasta or fries. Served with salad and bread.",19.95,,"","","","","",TRUE,FALSE,330,
"Shrimp Parmigiana","shrimp-parmigiana","Pasta and Italian Dinners","Seafood Dinners","8 pieces, choice of pasta or fries. Served with salad and bread.",20.95,,"","","","","",TRUE,FALSE,340,
"Clams","clams","Pasta and Italian Dinners","Seafood Dinners","Red or white sauce, choice of pasta. Served with salad and bread.",19.95,,"","","","","",TRUE,FALSE,350,
